_doc_id,risk_score,risk_bucket,governing_law,payment_net_days,effective_date,_issues_count,tags
2ThemartComInc_19990826_10-12G_EX-10.10_6700288_EX-10.10_Co-Branding Agreement_ Agency Agreement.txt,9,high,,,,3,incomplete
ABILITYINC_06_15_2020-EX-4.25-SERVICES AGREEMENT.txt,9,high,,,,3,incomplete
ACCELERATEDTECHNOLOGIESHOLDINGCORP_04_24_2003-EX-10.13-JOINT VENTURE AGREEMENT.txt,12,high,,,,4,incomplete
ACCURAYINC_09_01_2010-EX-10.31-DISTRIBUTOR AGREEMENT.txt,6,medium,,,,2,incomplete
ADAMSGOLFINC_03_21_2005-EX-10.17-ENDORSEMENT AGREEMENT.txt,10,high,,,,4,incomplete
ADAPTIMMUNETHERAPEUTICSPLC_04_06_2017-EX-10.11-STRATEGIC ALLIANCE AGREEMENT.txt,7,medium,the State of Texas,,,3,law:the State of Texas;incomplete
"ADIANUTRITION,INC_04_01_2005-EX-10.D2-RESELLER AGREEMENT.txt",9,high,,,,3,incomplete
"ADMA BioManufacturing, LLC -  Amendment 3 to Manufacturing Agreement.txt",9,high,,,,3,incomplete
"ADUROBIOTECH,INC_06_02_2020-EX-10.7-CONSULTING AGREEMENT(1).txt",10,high,,,,4,incomplete
"ADUROBIOTECH,INC_06_02_2020-EX-10.7-CONSULTING AGREEMENT.txt",10,high,,,,4,incomplete
AFSALABANCORPINC_08_01_1996-EX-1.1-AGENCY AGREEMENT.txt,10,high,,,,4,incomplete
AgapeAtpCorp_20191202_10-KA_EX-10.1_11911128_EX-10.1_Supply Agreement.txt,7,medium,,,,3,incomplete
AimmuneTherapeuticsInc_20200205_8-K_EX-10.3_11967170_EX-10.3_Development Agreement.txt,10,high,,,,4,incomplete
AIRSPANNETWORKSINC_04_11_2000-EX-10.5-Distributor Agreement.txt,4,medium,the State of South Dakota,,,2,law:the State of South Dakota;incomplete
AIRTECHINTERNATIONALGROUPINC_05_08_2000-EX-10.4-FRANCHISE AGREEMENT.txt,6,medium,,,,2,incomplete
ALAMOGORDOFINANCIALCORP_12_16_1999-EX-1-AGENCY AGREEMENT.txt,9,high,,,,3,incomplete
ALCOSTORESINC_12_14_2005-EX-10.26-AGENCY AGREEMENT.txt,9,high,,,,3,incomplete
ALLIANCEBANCORPINCOFPENNSYLVANIA_10_18_2006-EX-1.2-AGENCY AGREEMENT.txt,10,high,,,,4,incomplete
AlliedEsportsEntertainmentInc_20190815_8-K_EX-10.19_11788293_EX-10.19_Content License Agreement.txt,10,high,,,,4,incomplete
AlliedEsportsEntertainmentInc_20190815_8-K_EX-10.34_11788308_EX-10.34_Sponsorship Agreement.txt,9,high,,,,3,incomplete
ALLISONTRANSMISSIONHOLDINGSINC_12_15_2014-EX-99.1-COOPERATION AGREEMENT.txt,9,high,,,,3,incomplete
AMBASSADOREYEWEARGROUPINC_11_17_1997-EX-10.28-ENDORSEMENT AGREEMENT.txt,9,high,,,,3,incomplete
AMERICANPHYSICIANSCAPITALINC_03_31_2003-EX-10.26-AGENCY AGREEMENT.txt,9,high,,,,3,incomplete
AMERICASSHOPPINGMALLINC_12_10_1999-EX-10.2-SITE DEVELOPMENT AND HOSTING AGREEMENT.txt,9,high,,,,3,incomplete
ANIXABIOSCIENCESINC_06_09_2020-EX-10.1-COLLABORATION AGREEMENT.txt,4,medium,the State of Delaware without regard to the conflict of laws provisions of any jurisdiction,,,2,law:the State of Delaware without regard to the conflict of laws provisions of any jurisdiction;incomplete
"Antares Pharma, Inc. - Manufacturing Agreement.txt",8,high,,,,4,incomplete
Apollo Endosurgery - Manufacturing and Supply Agreement.txt,7,medium,,,,3,incomplete
ArcaUsTreasuryFund_20200207_N-2_EX-99.K5_11971930_EX-99.K5_Development Agreement.txt,9,high,,,,3,incomplete
ArcGroupInc_20171211_8-K_EX-10.1_10976103_EX-10.1_Sponsorship Agreement.txt,12,high,,,,4,incomplete
ArconicRolledProductsCorp_20191217_10-12B_EX-2.7_11923804_EX-2.7_Trademark License Agreement.txt,10,high,,,,4,incomplete
"ARMSTRONGFLOORING,INC_01_07_2019-EX-10.2-INTELLECTUAL PROPERTY AGREEMENT.txt",7,medium,the State of Delaware,,,3,law:the State of Delaware;incomplete
ArmstrongFlooringInc_20190107_8-K_EX-10.2_11471795_EX-10.2_Intellectual Property Agreement.txt,7,medium,the State of Delaware,,,3,law:the State of Delaware;incomplete
"Array BioPharma Inc. - LICENSE, DEVELOPMENT AND COMMERCIALIZATION AGREEMENT.txt",9,high,,,,3,incomplete
ArtaraTherapeuticsInc_20200110_8-K_EX-10.5_11943350_EX-10.5_License Agreement.txt,7,medium,the State of Iowa,,,3,law:the State of Iowa;incomplete
"ASHWORTHINC_01_29_1999-EX-10.(D)-PROMOTION AGREEMENT AND NANTZ COMMUNICATIONS, INC..txt",12,high,,,,4,incomplete
ASIANDRAGONGROUPINC_08_11_2005-EX-10.5-Reseller Agreement.txt,9,high,,,,3,incomplete
ASPIRITYHOLDINGSLLC_05_07_2012-EX-10.6-OUTSOURCING AGREEMENT.txt,9,high,,,,3,incomplete
ATENTOSA_07_06_2020-EX-99.1-JOINT FILING AGREEMENT.txt,15,high,,,,5,incomplete
"ATHENSBANCSHARESCORP_11_02_2009-EX-1.2-AGENCY AGREEMENT , 2009.txt",9,high,,,,3,incomplete
ATMOSENERGYCORP_11_22_2002-EX-10.17-TRANSPORTATION SERVICE AGREEMENT.txt,9,high,,,,3,incomplete
AtnInternationalInc_20191108_10-Q_EX-10.1_11878541_EX-10.1_Maintenance Agreement.txt,9,high,,,,3,incomplete
AudibleInc_20001113_10-Q_EX-10.32_2599586_EX-10.32_Co-Branding Agreement_ Marketing Agreement_ Investment Distribution Agreement.txt,10,high,,,,4,incomplete
AULAMERICANUNITTRUST_04_24_2020-EX-99.8.77-SERVICING AGREEMENT.txt,10,high,,,,4,incomplete
AURASYSTEMSINC_06_16_2010-EX-10.25-STRATEGIC ALLIANCE AGREEMENT.txt,9,high,,,,3,incomplete
AzulSa_20170303_F-1A_EX-10.3_9943903_EX-10.3_Maintenance Agreement1.txt,6,medium,,,,2,incomplete
AzulSa_20170303_F-1A_EX-10.3_9943903_EX-10.3_Maintenance Agreement2.txt,6,medium,,,,2,incomplete
"BABCOCK_WILCOXENTERPRISES,INC_08_04_2015-EX-10.17-INTELLECTUAL PROPERTY AGREEMENT between THE BABCOCK _ WILCOX COMPANY and BABCOCK _ WILCOX ENTERPRISES, INC..txt",12,high,,,,4,incomplete
BANGIINC_05_25_2005-EX-10-Premium Managed Hosting Agreement.txt,12,high,,,,4,incomplete
BANUESTRAFINANCIALCORP_09_08_2006-EX-10.16-AGENCY AGREEMENT.txt,12,high,,,,4,incomplete
"BELLICUMPHARMACEUTICALS,INC_05_07_2019-EX-10.1-Supply Agreement.txt",6,medium,,,,2,incomplete
"BELLRINGBRANDS,INC_02_07_2020-EX-10.18-MASTER SUPPLY AGREEMENT.txt",4,medium,the State of Delaware without regard to its conflicts of law principles,,,2,law:the State of Delaware without regard to its conflicts of law principles;incomplete
BellringBrandsInc_20190920_S-1_EX-10.12_11817081_EX-10.12_Manufacturing Agreement1.txt,2,low,the State of California,,2017-07-01,2,law:the State of California
BellringBrandsInc_20190920_S-1_EX-10.12_11817081_EX-10.12_Manufacturing Agreement2.txt,12,high,,,,4,incomplete
BellringBrandsInc_20190920_S-1_EX-10.12_11817081_EX-10.12_Manufacturing Agreement3.txt,12,high,,,,4,incomplete
BellringBrandsInc_20190920_S-1_EX-10.12_11817081_EX-10.12_Manufacturing Agreement4.txt,12,high,,,,4,incomplete
"BERKELEYLIGHTS,INC_06_26_2020-EX-10.12-COLLABORATION AGREEMENT.txt",10,high,,,,4,incomplete
BerkshireHillsBancorpInc_20120809_10-Q_EX-10.16_7708169_EX-10.16_Endorsement Agreement.txt,10,high,,,,4,incomplete
BEYONDCOMCORP_08_03_2000-EX-10.2-CO-HOSTING AGREEMENT.txt,7,medium,,,,3,incomplete
BICYCLETHERAPEUTICSPLC_03_10_2020-EX-10.11-SERVICE AGREEMENT.txt,9,high,,,,3,incomplete
BIOAMBERINC_04_10_2013-EX-10.34-DEVELOPMENT AGREEMENT (1).txt,7,medium,,,,3,incomplete
BIOAMBERINC_04_10_2013-EX-10.34-DEVELOPMENT AGREEMENT - First Amendment.txt,12,high,,,,4,incomplete
BIOCEPTINC_08_19_2013-EX-10-COLLABORATION AGREEMENT.txt,10,high,,,,4,incomplete
BIOFRONTERAAG_04_29_2019-EX-4.17-SUPPLY AGREEMENT.txt,7,medium,,,,3,incomplete
BIOPURECORP_06_30_1999-EX-10.13-AGENCY AGREEMENT.txt,3,low,,,1999-01-05,1,incomplete
BizzingoInc_20120322_8-K_EX-10.17_7504499_EX-10.17_Endorsement Agreement.txt,9,high,,,,3,incomplete
BLACKBOXSTOCKSINC_08_05_2014-EX-10.1-DISTRIBUTOR AGREEMENT.txt,8,high,the State of Texas,,,4,law:the State of Texas;incomplete
BLACKROCKMUNIHOLDINGSINVESTMENTQUALITYFUND_04_07_2020-EX-99.01-JOINT FILING AGREEMENT.txt,15,high,,,,5,incomplete
BLACKSTONEGSOLONG-SHORTCREDITINCOMEFUND_05_11_2020-EX-99.(K)(1)-SERVICE AGREEMENT.txt,9,high,,,,3,incomplete
BloomEnergyCorp_20180321_DRSA (on S-1)_EX-10_11240356_EX-10_Maintenance Agreement.txt,9,high,,,,3,incomplete
BLUEFLYINC_03_27_2002-EX-10.27-e-business Hosting Agreement.txt,9,high,,,,3,incomplete
"BLUEHILLSBANCORP,INC_05_20_2014-EX-1.1-AGENCY AGREEMENT.txt",9,high,,,,3,incomplete
"BLUEROCKRESIDENTIALGROWTHREIT,INC_06_01_2016-EX-1.1-AGENCY AGREEMENT.txt",10,high,,,,4,incomplete
BNCMORTGAGEINC_05_17_1999-EX-10.4-LICENSING AND WEB SITE HOSTING AGREEMENT.txt,9,high,,,,3,incomplete
BNLFINANCIALCORP_03_30_2007-EX-10.8-OUTSOURCING AGREEMENT.txt,7,medium,the State of Oklahoma without regard to conflict of laws,,,3,law:the State of Oklahoma without regard to conflict of laws;incomplete
BOLIVARMININGCORP_05_23_2003-EX-2.1-VISP WEB SITE BUILDING AND HOSTING AGREEMENT.txt,7,medium,the state of New York,,,3,law:the state of New York;incomplete
BONTONSTORESINC_04_20_2018-EX-99.3-AGENCY AGREEMENT.txt,9,high,,,,3,incomplete
"BORROWMONEYCOM,INC_06_11_2020-EX-10.1-JOINT VENTURE AGREEMENT.txt",10,high,,,,4,incomplete
BravatekSolutionsInc_20170418_8-K_EX-10.1_10205739_EX-10.1_Reseller Agreement.txt,6,medium,,,,2,incomplete
BUFFALOWILDWINGSINC_06_05_1998-EX-10.3-FRANCHISE AGREEMENT.txt,9,high,,,,3,incomplete
"CANOPETROLEUM,INC_12_13_2007-EX-10.1-Sponsorship Agreement.txt",12,high,,,,4,incomplete
"CARDAX,INC_08_19_2014-EX-10.1-COLLABORATION AGREEMENT.txt",9,high,,,,3,incomplete
CardlyticsInc_20180112_S-1_EX-10.16_11002987_EX-10.16_Maintenance Agreement1.txt,6,medium,,,11/4/10,2,incomplete
CardlyticsInc_20180112_S-1_EX-10.16_11002987_EX-10.16_Maintenance Agreement2.txt,12,high,,,,4,incomplete
CardlyticsInc_20180112_S-1_EX-10.16_11002987_EX-10.16_Maintenance Agreement3.txt,9,high,,,2011-03-03,3,incomplete
CardlyticsInc_20180112_S-1_EX-10.16_11002987_EX-10.16_Maintenance Agreement4.txt,8,high,,,,4,incomplete
CCAINDUSTRIESINC_04_14_2014-EX-10.1-OUTSOURCING AGREEMENT.txt,9,high,,,,3,incomplete
CcRealEstateIncomeFundadv_20181205_POS 8C_EX-99.(H)(3)_11447739_EX-99.(H)(3)_Marketing Agreement.txt,9,high,,,,3,incomplete
CENTRACKINTERNATIONALINC_10_29_1999-EX-10.3-WEB SITE HOSTING AGREEMENT.txt,9,high,,,,3,incomplete
CerenceInc_20191002_8-K_EX-10.4_11827494_EX-10.4_Intellectual Property Agreement.txt,9,high,,,,3,incomplete
"CERES,INC_01_25_2012-EX-10.20-Collaboration Agreement.txt",9,high,,,,3,incomplete
Cerus Corporation - FIRST AMEND TO SUPPLY AND MANUFACTURING AGREEMENT.txt,12,high,,,,4,incomplete
CHANGEPOINTCORP_03_08_2000-EX-10.6-LICENSE AND HOSTING AGREEMENT.txt,5,medium,the State of California,,,3,law:the State of California;incomplete
CHAPARRALRESOURCESINC_03_30_2000-EX-10.66-TRANSPORTATION CONTRACT.txt,6,medium,,,,2,incomplete
CHEETAHMOBILEINC_04_22_2014-EX-10.43-Cooperation Agreement.txt,9,high,,,,3,incomplete
CHERRYHILLMORTGAGEINVESTMENTCORP_09_26_2013-EX-10.1-Strategic Alliance Agreement.txt,8,high,the State of New York,,,4,law:the State of New York;incomplete
ChinaRealEstateInformationCorp_20090929_F-1_EX-10.32_4771615_EX-10.32_Content License Agreement.txt,7,medium,the PRC,,,3,law:the PRC;incomplete
CHINARECYCLINGENERGYCORP_11_14_2013-EX-10.6-Cooperation Agreement.txt,9,high,,,,3,incomplete
CHIPMOSTECHNOLOGIESBERMUDALTD_04_18_2016-EX-4.72-Strategic Alliance Agreement.txt,10,high,,,,4,incomplete
ClickstreamCorp_20200330_1-A_EX1A-6 MAT CTRCT_12089935_EX1A-6 MAT CTRCT_Development Agreement.txt,8,high,the state of Florida,,,4,law:the state of Florida;incomplete
CnsPharmaceuticalsInc_20200326_8-K_EX-10.1_12079626_EX-10.1_Development Agreement.txt,10,high,,,,4,incomplete
CoherusBiosciencesInc_20200227_10-K_EX-10.29_12021376_EX-10.29_Development Agreement.txt,10,high,,,,4,incomplete
"Columbia Laboratories, (Bermuda) Ltd. - AMEND NO. 2 TO MANUFACTURING AND SUPPLY AGREEMENT.txt",9,high,,,,3,incomplete
ConformisInc_20191101_10-Q_EX-10.6_11861402_EX-10.6_Development Agreement.txt,9,high,,,,3,incomplete
"COOLTECHNOLOGIES,INC_10_25_2017-EX-10.71-Strategic Alliance Agreement.txt",7,medium,,,,3,incomplete
"CORALGOLDRESOURCES,LTD_05_28_2020-EX-4.1-CONSULTING AGREEMENT.txt",9,high,,,,3,incomplete
CORIOINC_07_20_2000-EX-10.5-LICENSE AND HOSTING AGREEMENT.txt,4,medium,the State of California,,,2,law:the State of California;incomplete
CreditcardscomInc_20070810_S-1_EX-10.33_362297_EX-10.33_Affiliate Agreement.txt,9,high,,,,3,incomplete
"CURAEGISTECHNOLOGIES,INC_05_26_2010-EX-1-CORPORATE SPONSORSHIP AGREEMENT.txt",9,high,,,,3,incomplete
CUROGROUPHOLDINGSCORP_05_04_2020-EX-10.3-SERVICING AGREEMENT.txt,9,high,,,,3,incomplete
CybergyHoldingsInc_20140520_10-Q_EX-10.27_8605784_EX-10.27_Affiliate Agreement.txt,6,medium,,,,2,incomplete
CYBERIANOUTPOSTINC_07_09_1998-EX-10.13-PROMOTION AGREEMENT.txt,7,medium,the State of California,,,3,law:the State of California;incomplete
CytodynInc_20200109_10-Q_EX-10.5_11941634_EX-10.5_License Agreement.txt,9,high,,,,3,incomplete
DataCallTechnologies_20060918_SB-2A_EX-10.9_944510_EX-10.9_Content License Agreement.txt,7,medium,,,,3,incomplete
DeltathreeInc_19991102_S-1A_EX-10.19_6227850_EX-10.19_Co-Branding Agreement_ Service Agreement.txt,7,medium,,,,3,incomplete
DigitalCinemaDestinationsCorp_20111220_S-1_EX-10.10_7346719_EX-10.10_Affiliate Agreement.txt,9,high,,,,3,incomplete
DIVERSINETCORP_03_01_2012-EX-4-RESELLER AGREEMENT.txt,5,medium,the province of Ontario,,,3,law:the province of Ontario;incomplete
DOMINIADVISORTRUST_02_18_2005-EX-99.(H)(2)-SPONSORSHIP AGREEMENT.txt,7,medium,the Commonwealth of Massachusetts without reference to principles of conflicts of law,,,3,law:the Commonwealth of Massachusetts without reference to principles of conflicts of law;incomplete
DovaPharmaceuticalsInc_20181108_10-Q_EX-10.2_11414857_EX-10.2_Promotion Agreement.txt,9,high,,,,3,incomplete
DRAGONSYSTEMSINC_01_08_1999-EX-10.17-OUTSOURCING AGREEMENT.txt,10,high,,,,4,incomplete
"DRIVENDELIVERIES,INC_05_22_2020-EX-10.4-CONSULTING AGREEMENT.txt",7,medium,the State of California,,,3,law:the State of California;incomplete
DRKOOPCOMINC_04_21_1999-EX-10.28-SPONSORSHIP AGREEMENT.txt,9,high,,,,3,incomplete
"DUOSTECHNOLOGIESGROUP,INC_04_21_2009-EX-10.1-STRATEGIC ALLIANCE AGREEMENT.txt",7,medium,,,,3,incomplete
DYNAMEXINC_06_06_1996-EX-10.4-TRANSPORTATION SERVICES AGREEMENT.txt,9,high,,,,3,incomplete
DYNTEKINC_07_30_1999-EX-10-ONLINE HOSTING AGREEMENT.txt,9,high,,,,3,incomplete
EbixInc_20010515_10-Q_EX-10.3_4049767_EX-10.3_Co-Branding Agreement.txt,7,medium,the state where a suit is properly filed under the terms of this paragraph,,,3,law:the state where a suit is properly filed under the terms of this paragraph;incomplete
EcoScienceSolutionsInc_20171117_8-K_EX-10.1_10956472_EX-10.1_Endorsement Agreement.txt,9,high,,,,3,incomplete
EcoScienceSolutionsInc_20180406_8-K_EX-10.1_11135398_EX-10.1_Sponsorship Agreement.txt,9,high,,,,3,incomplete
EdietsComInc_20001030_10QSB_EX-10.4_2606646_EX-10.4_Co-Branding Agreement.txt,9,high,,,,3,incomplete
EhaveInc_20190515_20-F_EX-4.44_11678816_EX-4.44_License Agreement_ Reseller Agreement.txt,8,high,,,,4,incomplete
ELANDIAINTERNATIONALINC_04_25_2007-EX-10.21-Outsourcing Agreement.txt,9,high,,,,3,incomplete
ELECTRAMECCANICA VEHICLES CORP. - Manufacturing Agreement.txt,10,high,,,,4,incomplete
"ELFBEAUTY,INC_07_02_2020-EX-10.1-COOPERATION AGREEMENT.txt",9,high,,,,3,incomplete
ElPolloLocoHoldingsInc_20200306_10-K_EX-10.16_12041700_EX-10.16_Development Agreement.txt,7,medium,the state in which the breach occurs,,,3,law:the state in which the breach occurs;incomplete
EmbarkComInc_19991008_S-1A_EX-10.10_6487661_EX-10.10_Co-Branding Agreement.txt,9,high,,,,3,incomplete
EmeraldHealthBioceuticalsInc_20200218_1-A_EX1A-6 MAT CTRCT_11987205_EX1A-6 MAT CTRCT_Development Agreement.txt,9,high,,,,3,incomplete
EMERALDHEALTHTHERAPEUTICSINC_06_10_2020-EX-4.5-CONSULTING AGREEMENT - DR. GAETANO MORELLO N.D. INC..txt,9,high,,,,3,incomplete
EmmisCommunicationsCorp_20191125_8-K_EX-10.6_11906433_EX-10.6_Marketing Agreement.txt,9,high,,,,3,incomplete
ENERGOUSCORP_03_16_2017-EX-10.24-STRATEGIC ALLIANCE AGREEMENT.txt,9,high,,,,3,incomplete
ENERGYXXILTD_05_08_2015-EX-10.13-Transportation AGREEMENT.txt,7,medium,the State of Texas,,,3,law:the State of Texas;incomplete
ENTERPRISEPRODUCTSPARTNERSLP_07_08_1998-EX-10.3-TRANSPORTATION CONTRACT.txt,9,high,,,,3,incomplete
ENTERTAINMENTGAMINGASIAINC_02_15_2005-EX-10.5-DISTRIBUTOR AGREEMENT.txt,10,high,,,,4,incomplete
ENTRUSTINC_07_24_1998-EX-10.5-STRATEGIC ALLIANCE AGREEMENT.txt,9,high,,,,3,incomplete
"ETELOS,INC_03_09_2004-EX-10.8-DISTRIBUTOR AGREEMENT.txt",6,medium,California,,,2,law:California;incomplete
EtonPharmaceuticalsInc_20191114_10-Q_EX-10.1_11893941_EX-10.1_Development Agreement.txt,9,high,,,,3,incomplete
EuromediaHoldingsCorp_20070215_10SB12G_EX-10.B(01)_525118_EX-10.B(01)_Content License Agreement.txt,10,high,,,,4,incomplete
EUROPEANMICROHOLDINGSINC_03_06_1998-EX-10.6-DISTRIBUTOR AGREEMENT.txt,9,high,,,,3,incomplete
ExactSciencesCorp_20180822_8-K_EX-10.1_11331629_EX-10.1_Promotion Agreement.txt,9,high,,,,3,incomplete
FEDERATEDGOVERNMENTINCOMESECURITIESINC_04_28_2020-EX-99.SERV AGREE-SERVICES AGREEMENT.txt,9,high,,,,3,incomplete
FEDERATEDGOVERNMENTINCOMESECURITIESINC_04_28_2020-EX-99.SERV AGREE-SERVICES AGREEMENT_AMENDMENT.txt,12,high,,,,4,incomplete
FEDERATEDGOVERNMENTINCOMESECURITIESINC_04_28_2020-EX-99.SERV AGREE-SERVICES AGREEMENT_POWEROF.txt,9,high,,,,3,incomplete
FEDERATEDGOVERNMENTINCOMESECURITIESINC_04_28_2020-EX-99.SERV AGREE-SERVICES AGREEMENT_SECONDAMENDMENT.txt,12,high,,,,4,incomplete
FerroglobePlc_20150624_F-4A_EX-10.20_9154746_EX-10.20_Outsourcing Agreement.txt,7,medium,Spain and the language of the process will be Spanish,,,3,law:Spain and the language of the process will be Spanish;incomplete
FIBROGENINC_10_01_2014-EX-10.11-COLLABORATION AGREEMENT.txt,9,high,,,,3,incomplete
"FIDELITYNATIONALINFORMATIONSERVICES,INC_08_05_2009-EX-10.3-INTELLECTUAL PROPERTY AGREEMENT.txt",9,high,,,,3,incomplete
FLOTEKINDUSTRIESINCCN_05_09_2019-EX-10.1-SUPPLY AGREEMENT.txt,10,high,,,,4,incomplete
"FOUNDATIONMEDICINE,INC_02_02_2015-EX-10.2-Collaboration Agreement.txt",9,high,,,,3,incomplete
Freecook_20180605_S-1_EX-10.3_11233807_EX-10.3_Hosting Agreement.txt,9,high,,,,3,incomplete
FreezeTagInc_20180411_8-K_EX-10.1_11139603_EX-10.1_Sponsorship Agreement.txt,10,high,,,,4,incomplete
"FTENETWORKS,INC_02_18_2016-EX-99.4-STRATEGIC ALLIANCE AGREEMENT.txt",7,medium,the State of Texas,,,3,law:the State of Texas;incomplete
FuelcellEnergyInc_20191106_8-K_EX-10.1_11868007_EX-10.1_Development Agreement.txt,7,medium,the State of New York without recourse to its conflicts of law rules,,,3,law:the State of New York without recourse to its conflicts of law rules;incomplete
FulucaiProductionsLtd_20131223_10-Q_EX-10.9_8368347_EX-10.9_Content License Agreement.txt,10,high,the State of Florida,,,4,law:the State of Florida;incomplete
FuseMedicalInc_20190321_10-K_EX-10.43_11575454_EX-10.43_Distributor Agreement.txt,10,high,,,,4,incomplete
FUSIONPHARMACEUTICALSINC_06_05_2020-EX-10.17-Supply Agreement - FUSION.txt,6,medium,,,,2,incomplete
GAINSCOINC_01_21_2010-EX-10.41-SPONSORSHIP AGREEMENT.txt,10,high,,,,4,incomplete
GALACTICOMMTECHNOLOGIESINC_11_07_1997-EX-10.46-WEB HOSTING AGREEMENT.txt,12,high,,,,4,incomplete
"GALERATHERAPEUTICS,INC_02_14_2020-EX-99.A-JOINT FILING AGREEMENT.txt",15,high,,,,5,incomplete
GarrettMotionInc_20181001_8-K_EX-2.4_11364532_EX-2.4_Intellectual Property Agreement.txt,9,high,,,,3,incomplete
GentechHoldingsInc_20190808_1-A_EX1A-6 MAT CTRCT_11776814_EX1A-6 MAT CTRCT_Distributor Agreement.txt,9,high,,,,3,incomplete
"GIGGLESN_HUGS,INC_06_23_2016-EX-10.2-STRATEGIC ALLIANCE AGREEMENT.txt",10,high,,,,4,incomplete
GlobalTechnologiesGroupInc_20050928_10KSB_EX-10.9_4148808_EX-10.9_Content License Agreement.txt,7,medium,the State of Florida without regard to conflicts of law provisions,,,3,law:the State of Florida without regard to conflicts of law provisions;incomplete
GLOBALTECHNOLOGIESLTD_06_08_2020-EX-10.16-CONSULTING AGREEMENT.txt,9,high,,,,3,incomplete
GluMobileInc_20070319_S-1A_EX-10.09_436630_EX-10.09_Content License Agreement1.txt,7,medium,,,,3,incomplete
GluMobileInc_20070319_S-1A_EX-10.09_436630_EX-10.09_Content License Agreement2.txt,12,high,,,,4,incomplete
GluMobileInc_20070319_S-1A_EX-10.09_436630_EX-10.09_Content License Agreement3.txt,12,high,,,,4,incomplete
GluMobileInc_20070319_S-1A_EX-10.09_436630_EX-10.09_Content License Agreement4.txt,12,high,,,,4,incomplete
GOCALLINC_03_30_2000-EX-10.7-Promotion Agreement.txt,9,high,,,,3,incomplete
GOLDRESOURCECORP_12_11_2008-EX-10.1-STRATEGIC ALLIANCE AGREEMENT.txt,9,high,,,,3,incomplete
"GOOSEHEADINSURANCE,INC_04_02_2018-EX-10.6-Franchise Agreement.txt",7,medium,a state other than North Dakota,,,3,law:a state other than North Dakota;incomplete
GopageCorp_20140221_10-K_EX-10.1_8432966_EX-10.1_Content License Agreement.txt,9,high,,,,3,incomplete
GpaqAcquisitionHoldingsInc_20200123_S-4A_EX-10.6_11951677_EX-10.6_License Agreement.txt,9,high,,,,3,incomplete
GpaqAcquisitionHoldingsInc_20200123_S-4A_EX-10.8_11951679_EX-10.8_Service Agreement.txt,9,high,,,,3,incomplete
GRANTIERRAENERGYINC_05_07_2012-EX-10.6-TRANSPORTATION CONTRACT.txt,6,medium,,,,2,incomplete
"GRIDIRONBIONUTRIENTS,INC_02_05_2020-EX-10.3-SUPPLY AGREEMENT.txt",9,high,,,,3,incomplete
GridironBionutrientsInc_20171206_8-K_EX-10.1_10972555_EX-10.1_Endorsement Agreement.txt,9,high,,,,3,incomplete
GridironBionutrientsInc_20171206_8-K_EX-10.2_10972556_EX-10.2_Endorsement Agreement.txt,15,high,,,,5,incomplete
"GSITECHNOLOGYINC_11_16_2009-EX-10.2-INTELLECTUAL PROPERTY AGREEMENT between SONY ELECTRONICS INC. and GSI TECHNOLOGY, INC..txt",10,high,,,,4,incomplete
GSVINC_05_15_1998-EX-10-SPONSORSHIP AGREEMENT.txt,10,high,,,,4,incomplete
GULFSOUTHMEDICALSUPPLYINC_12_24_1997-EX-4-AFFILIATE AGREEMENT.txt,10,high,the State of Delaware,,,4,law:the State of Delaware;incomplete
"GWG HOLDINGS, INC. - ORDERLY MARKETING AGREEMENT.txt",7,medium,the State of New York without regard to principles of conflicts of laws that would result in the application of the law of any other jurisdiction,,,3,law:the State of New York without regard to principles of conflicts of laws that would result in the application of the law of any other jurisdiction;incomplete
"HALITRON,INC_03_01_2005-EX-10.15-SPONSORSHIP AND DEVELOPMENT AGREEMENT.txt",7,medium,the State of Arizona applicable to agreements fully executed and performed therein,,,3,law:the State of Arizona applicable to agreements fully executed and performed therein;incomplete
HarpoonTherapeuticsInc_20200312_10-K_EX-10.18_12051356_EX-10.18_Development Agreement.txt,10,high,,,,4,incomplete
"HC2HOLDINGS,INC_05_14_2020-EX-10.1-COOPERATION AGREEMENT.txt",10,high,,,,4,incomplete
HealthcareIntegratedTechnologiesInc_20190812_8-K_EX-10.1_11776966_EX-10.1_Reseller Agreement.txt,5,medium,the State of New York and all disputes and controversies arising out of or in connection with the Agreement shall be brought exclusively before the competent courts in New York County,,,3,law:the State of New York and all disputes and controversies arising out of or in connection with the Agreement shall be brought exclusively before the competent courts in New York County;incomplete
HealthcentralCom_19991108_S-1A_EX-10.27_6623292_EX-10.27_Co-Branding Agreement.txt,10,high,,,,4,incomplete
HEALTHGATEDATACORP_11_24_1999-EX-10.1-HOSTING AND MANAGEMENT AGREEMENT (1).txt,6,medium,,,,2,incomplete
HEALTHGATEDATACORP_11_24_1999-EX-10.1-HOSTING AND MANAGEMENT AGREEMENT - Escrow Agreement.txt,10,high,,,,4,incomplete
"HEMISPHERX - Sales, Marketing, Distribution, and Supply Agreement.txt",9,high,,,,3,incomplete
HerImports_20161018_8-KA_EX-10.14_9765707_EX-10.14_Maintenance Agreement.txt,10,high,the State of Nevada,,,4,law:the State of Nevada;incomplete
"HERTZGLOBALHOLDINGS,INC_07_07_2016-EX-10.4-INTELLECTUAL PROPERTY AGREEMENT.txt",9,high,,,,3,incomplete
HertzGroupRealtyTrustInc_20190920_S-11A_EX-10.8_11816941_EX-10.8_Trademark License Agreement.txt,9,high,,,,3,incomplete
HfEnterprisesInc_20191223_S-1_EX-10.22_11931299_EX-10.22_Development Agreement.txt,9,high,,,,3,incomplete
HOLIDAYRVSUPERSTORESINC_04_15_2002-EX-10.13-ENDORSEMENT AGREEMENT.txt,9,high,,,,3,incomplete
"HOSPITALITYINVESTORSTRUST,INC_04_07_2014-EX-10.26-FRANCHISE AGREEMENT.txt",4,medium,the State of New York without recourse to New York choice of law or conflicts of law principles,,2014-03-21,2,law:the State of New York without recourse to New York choice of law or conflicts of law principles;incomplete
HPILHOLDING_01_07_2015-EX-99.1-COOPERATION AGREEMENT.txt,9,high,,,,3,incomplete
HUBEIMINKANGPHARMACEUTICALLTD_09_19_2006-EX-10.1-OUTSOURCING AGREEMENT.txt,10,high,,,,4,incomplete
HYDRONTECHNOLOGIESINC_03_31_1997-EX-10.47-SPONSORSHIP AGREEMENT.txt,9,high,,,,3,incomplete
HYPERIONSOFTWARECORP_09_28_1994-EX-10.47-EXCLUSIVE DISTRIBUTOR AGREEMENT.txt,6,medium,,,,2,incomplete
IbioInc_20200313_8-K_EX-10.1_12052678_EX-10.1_Development Agreement.txt,8,high,the State of Texas,,,4,law:the State of Texas;incomplete
ICORECONNECTINC_10_13_2010-EX-7.1-Strategic Alliance Agreement.txt,9,high,,,,3,incomplete
IdeanomicsInc_20151124_8-K_EX-10.2_9354744_EX-10.2_Content License Agreement.txt,10,high,,,,4,incomplete
IdeanomicsInc_20160330_10-K_EX-10.26_9512211_EX-10.26_Content License Agreement.txt,10,high,,,,4,incomplete
IDREAMSKYTECHNOLOGYLTD_07_03_2014-EX-10.39-Cooperation Agreement on Mobile Game Business.txt,9,high,,,,3,incomplete
IGENEBIOTECHNOLOGYINC_05_13_2003-EX-1-JOINT VENTURE AGREEMENT.txt,9,high,,,,3,incomplete
IMAGEWARESYSTEMSINC_12_20_1999-EX-10.22-MAINTENANCE AGREEMENT.txt,9,high,,,,3,incomplete
ImineCorp_20180725_S-1_EX-10.5_11275970_EX-10.5_Distributor Agreement.txt,6,medium,,30,,2,net:fast;incomplete
IMMUNOMEDICSINC_08_07_2019-EX-10.1-PROMOTION AGREEMENT.txt,9,high,,,,3,incomplete
IMPCOTECHNOLOGIESINC_04_15_2003-EX-10.65-JOINT VENTURE AGREEMENT.txt,9,high,,,,3,incomplete
ImperialGardenResortInc_20161028_DRS (on F-1)_EX-10.13_9963189_EX-10.13_Outsourcing Agreement.txt,15,high,,,,5,incomplete
ImpresseCorp_20000322_S-1A_EX-10.11_5199234_EX-10.11_Co-Branding Agreement.txt,6,medium,,,,2,incomplete
INGEVITYCORP_05_16_2016-EX-10.5-INTELLECTUAL PROPERTY AGREEMENT.txt,9,high,,,,3,incomplete
INKTOMICORP_06_08_1998-EX-10.14-SOFTWARE HOSTING AGREEMENT.txt,9,high,,,,3,incomplete
InmodeLtd_20190729_F-1A_EX-10.9_11743243_EX-10.9_Manufacturing Agreement.txt,8,high,the State of Israel,,,4,law:the State of Israel;incomplete
InnerscopeHearingTechnologiesInc_20181109_8-K_EX-10.6_11419704_EX-10.6_Distributor Agreement.txt,10,high,,,,4,incomplete
"INNOVIVA,INC_08_07_2014-EX-10.1-COLLABORATION AGREEMENT.txt",9,high,,,,3,incomplete
IntegrityFunds_20200121_485BPOS_EX-99.E UNDR CONTR_11948727_EX-99.E UNDR CONTR_Service Agreement.txt,12,high,,,,4,incomplete
IntegrityMediaInc_20010329_10-K405_EX-10.17_2373875_EX-10.17_Co-Branding Agreement.txt,8,high,the State of                   Tennessee applicable to contracts entered into and performed                   entirely within the State of Tennessee,,,4,law:the State of                   Tennessee applicable to contracts entered into and performed                   entirely within the State of Tennessee;incomplete
"INTELLIGENTHIGHWAYSOLUTIONS,INC_01_18_2018-EX-10.1-Strategic Alliance Agreement.txt",10,high,,,,4,incomplete
INTERNATIONALFASTFOODCORP_04_04_1997-EX-99-FRANCHISE AGREEMENT.txt,9,high,,,,3,incomplete
"INTERSECTENT,INC_05_11_2020-EX-10.1-SUPPLY AGREEMENT.txt",6,medium,,,,2,incomplete
INTRICONCORP_03_10_2009-EX-10.22-Strategic Alliance Agreement.txt,7,medium,Victoria,,,3,law:Victoria;incomplete
InvendaCorp_20000828_S-1A_EX-10.2_2588206_EX-10.2_Co-Branding Agreement.txt,9,high,,,,3,incomplete
"IOVANCEBIOTHERAPEUTICS,INC_08_03_2017-EX-10.1-STRATEGIC ALLIANCE AGREEMENT.txt",6,medium,,,2017-04-17,2,incomplete
IpassInc_20181203_8-K_EX-99.1_11445874_EX-99.1_Reseller Agreement.txt,7,medium,,,,3,incomplete
"IPAYMENT,INC_05_14_2007-EX-10.1-SPONSORSHIP AGREEMENT.txt",9,high,,,,3,incomplete
IVILLAGEINC_03_17_1999-EX-10.16-SPONSORSHIP AGREEMENT.txt,9,high,,,,3,incomplete
JINGWEIINTERNATIONALLTD_10_04_2007-EX-10.7-INTELLECTUAL PROPERTY AGREEMENT.txt,7,medium,PRC,,,3,law:PRC;incomplete
JOINTCORP_09_19_2014-EX-10.15-FRANCHISE AGREEMENT.txt,9,high,,,,3,incomplete
KALLOINC_11_03_2011-EX-10.1-STRATEGIC ALLIANCE AGREEMENT.txt,7,medium,,,,3,incomplete
KENTUCKYUTILITIESCO_03_25_2003-EX-10.65-TRANSPORTATION AGREEMENT.txt,9,high,,,,3,incomplete
KINGPHARMACEUTICALSINC_08_09_2006-EX-10.1-PROMOTION AGREEMENT.txt,10,high,,,,4,incomplete
"KIROMICBIOPHARMA,INC_04_08_2020-EX-10.28-JOINT VENTURE AGREEMENT.txt",9,high,,,,3,incomplete
"KIROMICBIOPHARMA,INC_05_11_2020-EX-10.23-CONSULTING AGREEMENT.txt",8,high,the State of Texas,,,4,law:the State of Texas;incomplete
KitovPharmaLtd_20190326_20-F_EX-4.15_11584449_EX-4.15_Manufacturing Agreement.txt,7,medium,,30,,3,net:fast;incomplete
"KNOWLABS,INC_08_15_2005-EX-10-INTELLECTUAL PROPERTY AGREEMENT.txt",9,high,,,,3,incomplete
"KUBIENT,INC_07_02_2020-EX-10.14-MASTER SERVICES AGREEMENT_Part1.txt",10,high,,,,4,incomplete
"KUBIENT,INC_07_02_2020-EX-10.14-MASTER SERVICES AGREEMENT_Part2.txt",4,medium,,30,2020-02-05,2,net:fast;incomplete
LeadersonlineInc_20000427_S-1A_EX-10.8_4991089_EX-10.8_Co-Branding Agreement.txt,9,high,,,,3,incomplete
LECLANCHEÃÅ S.A. - JOINT DEVELOPMENT AND MARKETING AGREEMENT.txt,6,medium,,,,2,incomplete
LegacyEducationAllianceInc_20141110_8-K_EX-10.9_8828866_EX-10.9_Endorsement Agreement.txt,7,medium,England and Wales,,,3,law:England and Wales;incomplete
LegacyEducationAllianceInc_20200330_10-K_EX-10.18_12090678_EX-10.18_Development Agreement.txt,10,high,,,,4,incomplete
"LEGACYTECHNOLOGYHOLDINGS,INC_12_09_2005-EX-10.2-DISTRIBUTOR AGREEMENT.txt",10,high,,,,4,incomplete
LEJUHOLDINGSLTD_03_12_2014-EX-10.34-INTERNET CHANNEL COOPERATION AGREEMENT.txt,9,high,,,,3,incomplete
LejuHoldingsLtd_20140121_DRS (on F-1)_EX-10.26_8473102_EX-10.26_Content License Agreement1.txt,9,high,,,,3,incomplete
LejuHoldingsLtd_20140121_DRS (on F-1)_EX-10.26_8473102_EX-10.26_Content License Agreement2.txt,7,medium,the PRC,,,3,law:the PRC;incomplete
LifewayFoodsInc_20160316_10-K_EX-10.24_9489766_EX-10.24_Endorsement Agreement.txt,10,high,,,,4,incomplete
LIGHTBRIDGECORP_11_23_2015-EX-10.26-STRATEGIC ALLIANCE AGREEMENT.txt,10,high,,,,4,incomplete
LIMEENERGYCO_09_09_1999-EX-10-DISTRIBUTOR AGREEMENT.txt,6,medium,,,,2,incomplete
LinkPlusCorp_20050802_8-K_EX-10_3240252_EX-10_Affiliate Agreement.txt,12,high,,,,4,incomplete
LiquidmetalTechnologiesInc_20200205_8-K_EX-10.1_11968198_EX-10.1_Development Agreement.txt,7,medium,,,,3,incomplete
LOGANSROADHOUSEINC_03_27_1998-EX-10.17-SPONSORSHIP AGREEMENT.txt,7,medium,the State of Tennessee,,,3,law:the State of Tennessee;incomplete
LohaCompanyltd_20191209_F-1_EX-10.16_11917878_EX-10.16_Supply Agreement.txt,15,high,,,,5,incomplete
LOOKSMARTLTD_07_20_2012-EX-99.(D)(I)-SPONSORSHIP AGREEMENT.txt,13,high,,,,5,incomplete
"Loop Industries, Inc. - Marketing Agreement.txt",10,high,,,,4,incomplete
LOYALTYPOINTINC_11_16_2004-EX-10.2-RESELLER AGREEMENT.txt,7,medium,the          State of Missouri,,,3,law:the          State of Missouri;incomplete
LUCIDINC_04_15_2011-EX-10.9-DISTRIBUTOR AGREEMENT.txt,6,medium,,,,2,incomplete
MACROGENICSINC_08_02_2013-EX-10-COLLABORATION AGREEMENT.txt,10,high,,,,4,incomplete
"MACY_S,INC_05_11_2020-EX-99.4-JOINT FILING AGREEMENT.txt",15,high,,,,5,incomplete
"Magenta Therapeutics, Inc. - Master Development and Manufacturing Agreement.txt",7,medium,the State of New York,,,3,law:the State of New York;incomplete
MANAKOASERVICESCORP_11_21_2007-EX-7.5-STRATEGIC ALLIANCE AGREEMENT.txt,10,high,,,,4,incomplete
MANUFACTURERSSERVICESLTD_06_05_2000-EX-10.14-OUTSOURCING AGREEMENT.txt,6,medium,,,1998-06-01,2,incomplete
"MARSHALLHOLDINGSINTERNATIONAL,INC_04_14_2004-EX-10.15-ENDORSEMENT AGREEMENT.txt",7,medium,the State of           Nevada,,,3,law:the State of           Nevada;incomplete
MARTINMIDSTREAMPARTNERSLP_01_23_2004-EX-10.3-TRANSPORTATION SERVICES AGREEMENT.txt,9,high,,,,3,incomplete
"MEDALISTDIVERSIFIEDREIT,INC_05_18_2020-EX-10.1-CONSULTING AGREEMENT.txt",9,high,,,,3,incomplete
MEDIWOUNDLTD_01_15_2014-EX-10.6-SUPPLY AGREEMENT.txt,10,high,,,,4,incomplete
"MEETGROUP,INC_06_29_2017-EX-10.1-COOPERATION AGREEMENT.txt",9,high,,,,3,incomplete
MERCATAINC_03_09_2000-EX-10.21-SPONSORSHIP AGREEMENT.txt,9,high,,,,3,incomplete
MERITLIFEINSURANCECO_06_19_2020-EX-10.(XIV)-MASTER SERVICES AGREEMENT.txt,10,high,,,,4,incomplete
"MetLife, Inc. - Remarketing Agreement.txt",10,high,,,,4,incomplete
"MFAFINANCIAL,INC_07_06_2020-EX-99.D-JOINT FILING AGREEMENT.txt",15,high,,,,5,incomplete
Microgenics Corporation - Collaborative Development and Commercialization Agreement.txt,7,medium,the State of Delaware,,,3,law:the State of Delaware;incomplete
"MIDDLEBROOKPHARMACEUTICALS,INC_03_18_2010-EX-10.1-PROMOTION AGREEMENT.txt",9,high,,,,3,incomplete
MidwestEnergyEmissionsCorp_20080604_8-K_EX-10.2_3093976_EX-10.2_Content License Agreement.txt,9,high,,,,3,incomplete
"MJBIOTECH,INC_12_06_2018-EX-99.01-JOINT VENTURE AGREEMENT.txt",12,high,,,,4,incomplete
MOELIS_CO_03_24_2014-EX-10.19-STRATEGIC ALLIANCE AGREEMENT.txt,9,high,,,,3,incomplete
Monsanto Company - SECOND A_R EXCLUSIVE AGENCY AND MARKETING AGREEMENT.txt,9,high,,,,3,incomplete
MorganStanleyDirectLendingFund_20191119_10-12GA_EX-10.5_11898508_EX-10.5_Trademark License Agreement.txt,9,high,,,,3,incomplete
MOSSIMOINC_04_14_2000-EX-10.14-ENDORSEMENT AGREEMENT.txt,9,high,,,,3,incomplete
MOVADOGROUPINC_04_30_2003-EX-10.28-ENDORSEMENT AGREEMENT.txt,9,high,,,,3,incomplete
MphaseTechnologiesInc_20030911_10-K_EX-10.15_1560667_EX-10.15_Co-Branding Agreement.txt,7,medium,the State of New York,,,3,law:the State of New York;incomplete
MPLXLP_06_17_2015-EX-10.1-TRANSPORTATION SERVICES AGREEMENT.txt,9,high,,,,3,incomplete
MRSFIELDSORIGINALCOOKIESINC_01_29_1998-EX-10-FRANCHISE AGREEMENT.txt,6,medium,,,,2,incomplete
MSCIINC_02_28_2008-EX-10.10-.txt,12,high,,,,4,incomplete
MTITECHNOLOGYCORP_11_16_2004-EX-10.102-Reseller Agreement Premier Addendum.txt,10,high,,,,4,incomplete
MusclepharmCorp_20170208_10-KA_EX-10.38_9893581_EX-10.38_Co-Branding Agreement.txt,9,high,,,,3,incomplete
N2KINC_10_16_1997-EX-10.16-SPONSORSHIP AGREEMENT.txt,10,high,,,,4,incomplete
NakedBrandGroupInc_20150731_POS AM (on S-1)_EX-10.75_9196027_EX-10.75_Endorsement Agreement.txt,6,medium,,,,2,incomplete
NANOPHASETECHNOLOGIESCORP_11_01_2005-EX-99.1-DISTRIBUTOR AGREEMENT.txt,9,high,,,,3,incomplete
NATIONALPROCESSINGINC_07_18_1996-EX-10.4-SPONSORSHIP AGREEMENT.txt,8,high,the United States and,,,4,law:the United States and;incomplete
NELNETINC_04_08_2020-EX-1-JOINT FILING AGREEMENT.txt,15,high,,,,5,incomplete
NeoformaInc_19991202_S-1A_EX-10.26_5224521_EX-10.26_Co-Branding Agreement.txt,7,medium,,,,3,incomplete
NEOMEDIATECHNOLOGIESINC_12_15_2005-EX-16.1-DISTRIBUTOR AGREEMENT.txt,9,high,,,,3,incomplete
NEONSYSTEMSINC_03_01_1999-EX-10.5-DISTRIBUTOR AGREEMENT_Amendment.txt,9,high,,,,3,incomplete
NEONSYSTEMSINC_03_01_1999-EX-10.5-DISTRIBUTOR AGREEMENT_New.txt,9,high,,,,3,incomplete
"NETGEAR,INC_04_21_2003-EX-10.16- AMENDMENT 2 TO THE DISTRIBUTION AGREEMENT.txt",12,high,,,,4,incomplete
"NETGEAR,INC_04_21_2003-EX-10.16-AMENDMENT TO THE DISTRIBUTOR AGREEMENT BETWEEN INGRAM MICRO AND NETGEAR.txt",10,high,the State of California except that body of law dealing with conflicts of law,,,4,law:the State of California except that body of law dealing with conflicts of law;incomplete
"NETGEAR,INC_04_21_2003-EX-10.16-DISTRIBUTOR AGREEMENT.txt",2,low,the State of California except that body of law dealing with conflicts of law,,1996-03-01,2,law:the State of California except that body of law dealing with conflicts of law
NETGROCERINC_07_31_1998-EX-10.15-SPONSORSHIP AGREEMENT.txt,10,high,,,,4,incomplete
NETZEEINC_11_14_2002-EX-10.3-MAINTENANCE AGREEMENT.txt,12,high,,,,4,incomplete
NeuroboPharmaceuticalsInc_20190903_S-4_EX-10.36_11802165_EX-10.36_Manufacturing Agreement_ Supply Agreement.txt,10,high,,,,4,incomplete
NEXSTARFINANCEHOLDINGSINC_03_27_2002-EX-10.26-OUTSOURCING AGREEMENT.txt,9,high,,,,3,incomplete
NICELTD_06_26_2003-EX-4.5-OUTSOURCING AGREEMENT.txt,6,medium,,,,2,incomplete
NlsPharmaceuticsLtd_20200228_F-1_EX-10.14_12029046_EX-10.14_Development Agreement.txt,7,medium,,,,3,incomplete
NmfSlfIInc_20200115_10-12GA_EX-10.5_11946987_EX-10.5_Trademark License Agreement.txt,9,high,,,,3,incomplete
"NOVOINTEGRATEDSCIENCES,INC_12_23_2019-EX-10.1-JOINT VENTURE AGREEMENT.txt",9,high,,,,3,incomplete
NUVEEN - REMARKETING AGREEMENT.txt,7,medium,the State of New York,,,3,law:the State of New York;incomplete
NYLIACVARIABLEANNUITYSEPARATEACCOUNTIII_04_10_2020-EX-99.8.KK-SERVICE AGREEMENT.txt,9,high,,,,3,incomplete
"OAKTREECAPITALGROUP,LLC_03_02_2020-EX-10.8-Services Agreement.txt",7,medium,England and Wales,,,3,law:England and Wales;incomplete
"OASYSMOBILE,INC_07_05_2001-EX-10.17-OUTSOURCING AGREEMENT.txt",4,medium,the State of California,,,2,law:the State of California;incomplete
OFGBANCORP_03_28_2007-EX-10.23-OUTSOURCING AGREEMENT.txt,9,high,,,,3,incomplete
OLDAPIWIND-DOWNLTD_01_08_2016-EX-1.3-AGENCY AGREEMENT1.txt,10,high,,,,4,incomplete
OLDAPIWIND-DOWNLTD_01_08_2016-EX-1.3-AGENCY AGREEMENT2.txt,12,high,,,,4,incomplete
"OMINTO,INC_03_29_2004-EX-10-RESELLER AGREEMENT.txt",9,high,,,,3,incomplete
"ON2TECHNOLOGIES,INC_11_17_2006-EX-10.3-SUPPORT AND MAINTENANCE AGREEMENT.txt",10,high,,,,4,incomplete
ON4COMMUNICATIONSINC_07_02_2009-EX-10.1-PROMOTION AGREEMENT.txt,10,high,the Province of Ontario and the federal laws of  Canada applicable therein,,,4,law:the Province of Ontario and the federal laws of  Canada applicable therein;incomplete
"ONEMAINHOLDINGS,INC_02_20_2020-EX-99.D-JOINT FILING AGREEMENT.txt",15,high,,,,5,incomplete
OPERALTD_04_30_2020-EX-4.14-SERVICE AGREEMENT.txt,10,high,,,,4,incomplete
"OPTIMIZEDTRANSPORTATIONMANAGEMENT,INC_07_26_2000-EX-6.6-DISTRIBUTOR AGREEMENT.txt",7,medium,the State of Texas,,,3,law:the State of Texas;incomplete
ORBSATCORP_08_17_2007-EX-7.3-STRATEGIC ALLIANCE AGREEMENT.txt,10,high,,,,4,incomplete
"OTISWORLDWIDECORP_04_03_2020-EX-10.4-INTELLECTUAL PROPERTY AGREEMENT by and among UNITED TECHNOLOGIES CORPORATION, OTIS WORLDWIDE CORPORATION and CARRIER ~1.txt",9,high,,,,3,incomplete
PacificapEntertainmentHoldingsInc_20051115_8-KA_EX-1.01_4300894_EX-1.01_Content License Agreement.txt,9,high,,,,3,incomplete
PACIFICSYSTEMSCONTROLTECHNOLOGYINC_08_24_2000-EX-10.53-SPONSORSHIP AGREEMENT.txt,12,high,,,,4,incomplete
"PACIRA PHARMACEUTICALS, INC. - A_R STRATEGIC LICENSING, DISTRIBUTION AND MARKETING AGREEMENT.txt",6,medium,,,,2,incomplete
PalmerSquareCapitalBdcInc_20200116_10-12GA_EX-10.6_11949289_EX-10.6_Trademark License Agreement.txt,9,high,,,,3,incomplete
PANDIONTHERAPEUTICSHOLDCOLLC_05_22_2020-EX-10.17-CONSULTING AGREEMENT.txt,9,high,,,,3,incomplete
PapaJohnsInternationalInc_20190617_8-K_EX-10.1_11707365_EX-10.1_Endorsement Agreement.txt,9,high,,,,3,incomplete
PaperexchangeComInc_20000322_S-1A_EX-10.4_5202103_EX-10.4_Co-Branding Agreement.txt,7,medium,,,,3,incomplete
ParatekPharmaceuticalsInc_20170505_10-KA_EX-10.29_10323872_EX-10.29_Outsourcing Agreement.txt,10,high,,,,4,incomplete
PareteumCorp_20081001_8-K_EX-99.1_2654808_EX-99.1_Hosting Agreement.txt,7,medium,,,,3,incomplete
"PAXMEDICA,INC_07_02_2020-EX-10.12-Master Service Agreement.txt",8,high,the State of Connecticut,,,4,law:the State of Connecticut;incomplete
PcquoteComInc_19990721_S-1A_EX-10.11_6377149_EX-10.11_Co-Branding Agreement1.txt,10,high,,,,4,incomplete
PcquoteComInc_19990721_S-1A_EX-10.11_6377149_EX-10.11_Co-Branding Agreement2.txt,12,high,,,,4,incomplete
PcquoteComInc_19990721_S-1A_EX-10.11_6377149_EX-10.11_Co-Branding Agreement3.txt,12,high,,,,4,incomplete
PelicanDeliversInc_20200211_S-1_EX-10.3_11975895_EX-10.3_Development Agreement1.txt,12,high,,,,4,incomplete
PelicanDeliversInc_20200211_S-1_EX-10.3_11975895_EX-10.3_Development Agreement2.txt,8,high,the State of Washington without regards for its conflict of laws principle,,,4,law:the State of Washington without regards for its conflict of laws principle;incomplete
PenntexMidstreamPartnersLp_20150416_S-1A_EX-10.4_9042833_EX-10.4_Transportation Agreement.txt,10,high,,,,4,incomplete
PerformanceSportsBrandsInc_20110909_S-1_EX-10.10_7220214_EX-10.10_Endorsement Agreement.txt,9,high,,,,3,incomplete
PfHospitalityGroupInc_20150923_10-12G_EX-10.1_9266710_EX-10.1_Franchise Agreement1.txt,9,high,,,,3,incomplete
PfHospitalityGroupInc_20150923_10-12G_EX-10.1_9266710_EX-10.1_Franchise Agreement3.txt,10,high,,,,4,incomplete
PFSFUNDS_06_26_2020-EX-99.H OTH MAT CONT-SERVICES AGREEMENT.txt,7,medium,the State of Massachusetts,,,3,law:the State of Massachusetts;incomplete
PharmagenInc_20120803_8-KA_EX-10.1_7693204_EX-10.1_Endorsement Agreement.txt,9,high,,,,3,incomplete
PhasebioPharmaceuticalsInc_20200330_10-K_EX-10.21_12086810_EX-10.21_Development Agreement.txt,9,high,,,,3,incomplete
PHLVARIABLEINSURANCECOCT_08_17_2009-EX-10.1-STRATEGIC ALLIANCE AGREEMENT.txt,9,high,,,,3,incomplete
PhoenixNewMediaLtd_20110421_F-1_EX-10.17_6958322_EX-10.17_Content License Agreement.txt,10,high,,,,4,incomplete
PhotronicsInc_20171219_10-QA_EX-10.28_10982650_EX-10.28_Outsourcing Agreement.txt,10,high,,,,4,incomplete
"PHREESIA,INC_05_28_2019-EX-10.18-STRATEGIC ALLIANCE AGREEMENT.txt",6,medium,,,,2,incomplete
PLAYAHOTELS_RESORTSNV_03_14_2017-EX-10.22-STRATEGIC ALLIANCE AGREEMENT (Hyatt Ziva Cancun).txt,12,high,,,,4,incomplete
PlayboyEnterprisesInc_20090220_10-QA_EX-10.2_4091580_EX-10.2_Content License Agreement_ Marketing Agreement_ Sales-Purchase Agreement1.txt,6,medium,,,,2,incomplete
PlayboyEnterprisesInc_20090220_10-QA_EX-10.2_4091580_EX-10.2_Content License Agreement_ Marketing Agreement_ Sales-Purchase Agreement2.txt,9,high,,,,3,incomplete
PrecheckHealthServicesInc_20200320_8-K_EX-99.2_12070169_EX-99.2_Distributor Agreement.txt,7,medium,the State of Texas without regard to principles of conflicts of laws,,,3,law:the State of Texas without regard to principles of conflicts of laws;incomplete
"PRECIGEN,INC_01_22_2020-EX-99.1-JOINT FILING AGREEMENT.txt",15,high,,,,5,incomplete
PREMIERBIOMEDICALINC_05_14_2020-EX-10.2-INTELLECTUAL PROPERTY AGREEMENT.txt,15,high,,,,5,incomplete
PRIMEENERGYRESOURCESCORP_04_02_2007-EX-10.28-COMPLETION AND LIQUIDITY MAINTENANCE AGREEMENT.txt,12,high,,,,4,incomplete
Principal Life Insurance Company - Broker Dealer Marketing and Servicing Agreement.txt,9,high,,,,3,incomplete
PROFOUNDMEDICALCORP_08_29_2019-EX-4.5-SUPPLY AGREEMENT.txt,7,medium,,,,3,incomplete
PROLONGINTERNATIONALCORP_03_23_1998-EX-10.16-SPONSORSHIP AGREEMENT.txt,12,high,,,,4,incomplete
PrudentialBancorpInc_20170606_8-K_EX-10.4_10474434_EX-10.4_Endorsement Agreement.txt,7,medium,the State of Pennsylvania,,,3,law:the State of Pennsylvania;incomplete
QBIOMEDINC_04_08_2020-EX-99.1-JOINT FILING AGREEMENT.txt,15,high,,,,5,incomplete
QIWI_06_16_2017-EX-99.(D)(2)-COOPERATION AGREEMENT.txt,9,high,,,,3,incomplete
Quaker Chemical Corporation - NON COMPETITION AND NON SOLICITATION AGREEMENT.txt,15,high,,,,5,incomplete
QuantumGroupIncFl_20090120_8-K_EX-99.2_3672910_EX-99.2_Hosting Agreement.txt,10,high,,,,4,incomplete
RaeSystemsInc_20001114_10-Q_EX-10.57_2631790_EX-10.57_Co-Branding Agreement.txt,7,medium,,,,3,incomplete
RandWorldwideInc_20010402_8-KA_EX-10.2_2102464_EX-10.2_Co-Branding Agreement.txt,7,medium,,,,3,incomplete
RangeResourcesLouisianaInc_20150417_8-K_EX-10.5_9045501_EX-10.5_Transportation Agreement.txt,9,high,,,,3,incomplete
RareElementResourcesLtd_20171019_SC 13D_EX-99.4_10897534_EX-99.4_Intellectual Property Agreement.txt,10,high,,,,4,incomplete
ReedsInc_20191113_10-Q_EX-10.4_11888303_EX-10.4_Development Agreement.txt,9,high,,,,3,incomplete
REGANHOLDINGCORP_03_31_2008-EX-10-LICENSE AND HOSTING AGREEMENT.txt,9,high,,,,3,incomplete
"Reinsurance Group of America, Incorporated - A_R REMARKETING  AGREEMENT.txt",10,high,,,,4,incomplete
RemarkHoldingsInc_20081114_10-Q_EX-10.24_2895649_EX-10.24_Content License Agreement.txt,9,high,,,,3,incomplete
RevolutionMedicinesInc_20200117_S-1_EX-10.1_11948417_EX-10.1_Development Agreement.txt,6,medium,,,,2,incomplete
REWALKROBOTICSLTD_07_10_2014-EX-10.2-STRATEGIC ALLIANCE AGREEMENT.txt,10,high,,,,4,incomplete
ReynoldsConsumerProductsInc_20191115_S-1_EX-10.18_11896469_EX-10.18_Supply Agreement.txt,9,high,,,,3,incomplete
ReynoldsConsumerProductsInc_20200121_S-1A_EX-10.22_11948918_EX-10.22_Service Agreement.txt,10,high,,,,4,incomplete
RgcResourcesInc_20151216_8-K_EX-10.3_9372751_EX-10.3_Franchise Agreement.txt,12,high,,,,4,incomplete
RISEEDUCATIONCAYMANLTD_04_17_2020-EX-4.23-SERVICE AGREEMENT.txt,10,high,,,,4,incomplete
RitterPharmaceuticalsInc_20200313_S-4A_EX-10.54_12055220_EX-10.54_Development Agreement.txt,9,high,,,,3,incomplete
RMRGROUPINC_01_22_2020-EX-99.1-JOINT FILING AGREEMENT.txt,15,high,,,,5,incomplete
"ROCKYMOUNTAINCHOCOLATEFACTORY,INC_12_23_2019-EX-10.2-STRATEGIC ALLIANCE AGREEMENT.txt",10,high,,,,4,incomplete
RUBIOSRESTAURANTSINC_03_31_2008-EX-10.75-SPONSORSHIP AGREEMENT.txt,9,high,,,,3,incomplete
SalesforcecomInc_20171122_10-Q_EX-10.1_10961535_EX-10.1_Reseller Agreement.txt,12,high,,,,4,incomplete
SANDRIDGEENERGYINC_08_06_2009-EX-10.6-OPERATIONS AND MAINTENANCE AGREEMENT.txt,10,high,,,,4,incomplete
ScansourceInc_20190509_10-Q_EX-10.2_11661422_EX-10.2_Distributor Agreement.txt,9,high,,,,3,incomplete
ScansourceInc_20190822_10-K_EX-10.38_11793958_EX-10.38_Distributor Agreement1.txt,6,medium,,,,2,incomplete
ScansourceInc_20190822_10-K_EX-10.38_11793958_EX-10.38_Distributor Agreement2.txt,9,high,,,,3,incomplete
ScansourceInc_20190822_10-K_EX-10.39_11793959_EX-10.39_Distributor Agreement.txt,12,high,,,,4,incomplete
SCOUTCAMINC_05_12_2020-EX-10.22-SERVICES AGREEMENT.txt,9,high,,,,3,incomplete
SEASPINEHOLDINGSCORP_10_10_2018-EX-10.1-SUPPLY AGREEMENT.txt,8,high,,,,4,incomplete
SECURIANFUNDSTRUST_05_01_2012-EX-99.28.H.9-NET INVESTMENT INCOME MAINTENANCE AGREEMENT.txt,9,high,,,,3,incomplete
SENMIAOTECHNOLOGYLTD_02_19_2019-EX-10.5-Collaboration Agreement.txt,7,medium,China,,,3,law:China;incomplete
SEPARATEACCOUNTIIOFAGL_05_02_2011-EX-99.(J)(4)-UNCONDITIONAL CAPITAL MAINTENANCE AGREEMENT.txt,9,high,,,,3,incomplete
SFGFINANCIALCORP_05_12_2009-EX-10.1-SOFTWARE LICENSE AND MAINTENANCE AGREEMENT.txt,6,medium,,,,2,incomplete
"SIBANNAC,INC_12_04_2017-EX-2.1-Strategic Alliance Agreement.txt",10,high,,,,4,incomplete
SigaTechnologiesInc_20190603_8-K_EX-10.1_11695818_EX-10.1_Promotion Agreement.txt,9,high,,,,3,incomplete
"SightLife Surgical, Inc. - STRATEGIC SALES _ MARKETING AGREEMENT.txt",9,high,,,,3,incomplete
SimplicityEsportsGamingCompany_20181130_8-K_EX-10.1_11444071_EX-10.1_Franchise Agreement.txt,9,high,,,,3,incomplete
SLINGERBAGINC_05_27_2020-EX-10.7-CONSULTING AGREEMENT.txt,9,high,,,,3,incomplete
SLOVAKWIRELESSFINANCECOBV_03_28_2001-EX-4.(B)(II).3-Maintenance and support contract for SICAP(R) modules.txt,9,high,,,,3,incomplete
SmartRxSystemsInc_20180914_1-A_EX1A-6 MAT CTRCT_11351705_EX1A-6 MAT CTRCT_Distributor Agreement.txt,9,high,,,,3,incomplete
SMITHELECTRICVEHICLESCORP_04_04_2012-EX-10.26-FLEET MAINTENANCE AGREEMENT.txt,9,high,,,,3,incomplete
"SOLUTIONSVENDINGINTERNATIONAL,INC_03_31_2020-EX1A-1 UNDR AGMT-SERVICES AGREEMENT.txt",9,high,,,,3,incomplete
"Sonos, Inc. - Manufacturing Agreement.txt",3,low,California,,,1,law:California;incomplete
SONUSCORP_03_12_1997-EX-10.11-SPONSORSHIP AGREEMENT.txt,12,high,,,,4,incomplete
SoupmanInc_20150814_8-K_EX-10.1_9230148_EX-10.1_Franchise Agreement1.txt,9,high,,,,3,incomplete
SoupmanInc_20150814_8-K_EX-10.1_9230148_EX-10.1_Franchise Agreement2.txt,9,high,,,,3,incomplete
SoupmanInc_20150814_8-K_EX-10.1_9230148_EX-10.1_Franchise Agreement3.txt,13,high,,,,5,incomplete
SoupmanInc_20150814_8-K_EX-10.1_9230148_EX-10.1_Franchise Agreement4.txt,15,high,,,,5,incomplete
SouthernStarEnergyInc_20051202_SB-2A_EX-9_801890_EX-9_Affiliate Agreement.txt,9,high,,,,3,incomplete
SPARKLINGSPRINGWATERHOLDINGSLTD_07_03_2002-EX-10.13-SOFTWARE LICENSE AND MAINTENANCE AGREEMENT.txt,7,medium,Nova Scotia and the laws of Canada applicable in Nova Scotia,,,3,law:Nova Scotia and the laws of Canada applicable in Nova Scotia;incomplete
SPHERE3DCORP_06_24_2020-EX-10.12-CONSULTING AGREEMENT.txt,9,high,,,,3,incomplete
"SPIENERGYCO,LTD_03_09_2011-EX-99.5-OPERATIONS AND MAINTENANCE AGREEMENT.txt",7,medium,the State of California,,,3,law:the State of California;incomplete
"SPIENERGYCO,LTD_07_10_2014-EX-10-Cooperation Agreement of 50MWp Photovoltaic Grid-connected Power Generation Project in Yangqiao of~1.txt",15,high,,,,5,incomplete
"SPOKHOLDINGS,INC_06_19_2020-EX-10.1-COOPERATION AGREEMENT.txt",9,high,,,,3,incomplete
SPORTHALEYINC_09_29_1997-EX-10.2-10-ENDORSEMENT AGREEMENT.txt,8,high,the State of Colorado           without regard to conflicts of laws principles,,,4,law:the State of Colorado           without regard to conflicts of laws principles;incomplete
"SPRINGBANKPHARMACEUTICALS,INC_04_08_2020-EX-99.A-JOINT FILING AGREEMENT.txt",15,high,,,,5,incomplete
StaarSurgicalCompany_20180801_10-Q_EX-10.37_11289449_EX-10.37_Distributor Agreement.txt,9,high,,,,3,incomplete
STAMPSCOMINC_06_24_1999-EX-10.18-SPONSORSHIP AGREEMENT.txt,9,high,,,,3,incomplete
StampscomInc_20001114_10-Q_EX-10.47_2631630_EX-10.47_Co-Branding Agreement.txt,9,high,,,,3,incomplete
STARTECGLOBALCOMMUNICATIONSCORP_11_16_1998-EX-10.30-CONSTRUCTION AND MAINTENANCE AGREEMENT.txt,7,medium,Switzerland,,,3,law:Switzerland;incomplete
SteelVaultCorp_20081224_10-K_EX-10.16_3074935_EX-10.16_Affiliate Agreement.txt,9,high,,,,3,incomplete
STWRESOURCESHOLDINGCORP_08_06_2014-EX-10.1-COOPERATION AGREEMENT.txt,10,high,,,,4,incomplete
"SUCAMPOPHARMACEUTICALS,INC_11_04_2015-EX-10.2-STRATEGIC ALLIANCE AGREEMENT.txt",9,high,,,,3,incomplete
SUMMAFOURINC_06_19_1998-EX-10.3-SOFTWARE LICENSE AND MAINTENANCE AGREEMENT.txt,9,high,,,,3,incomplete
SUNTRONCORP_05_17_2006-EX-10.22-MAINTENANCE AGREEMENT.txt,7,medium,THE STATE OF MINNESOTA,,,3,law:THE STATE OF MINNESOTA;incomplete
SYKESHEALTHPLANSERVICESINC_04_24_1998-EX-10.14-OUTSOURCING AGREEMENT.txt,9,high,,,,3,incomplete
TALCOTTRESOLUTIONLIFEINSURANCECO-SEPARATEACCOUNTTWELVE_04_30_2020-EX-99.8(L)-SERVICE AGREEMENT.txt,10,high,,,,4,incomplete
"TALLGRASSENERGY,LP_02_20_2020-EX-99.26-JOINT FILING AGREEMENT.txt",15,high,,,,5,incomplete
TcPipelinesLp_20160226_10-K_EX-99.12_9454048_EX-99.12_Transportation Agreement.txt,6,medium,,,2016-11-01,2,incomplete
TEARDROPGOLFCO_10_23_1996-EX-10.12-ENDORSEMENT AGREEMENT.txt,9,high,,,,3,incomplete
TELEGLOBEINTERNATIONALHOLDINGSLTD_03_29_2004-EX-10.10-CONSTRUCTION AND MAINTENANCE AGREEMENT.txt,10,high,,,,4,incomplete
TELKOMSALTD_01_30_2003-EX-10-LICENCE AND MAINTENANCE AGREEMENT.txt,6,medium,,,,2,incomplete
TheglobeComInc_19990503_S-1A_EX-10.20_5416126_EX-10.20_Co-Branding Agreement.txt,8,high,,,,4,incomplete
"THERAVANCEBIOPHARMA,INC_05_08_2020-EX-10.2-SERVICE AGREEMENT.txt",9,high,,,,3,incomplete
ThriventVariableInsuranceAccountB_20190701_N-6_EX-99.D(IV)_11720968_EX-99.D(IV)_Endorsement Agreement.txt,12,high,,,2019-07-01,4,incomplete
TICKETSCOMINC_06_22_1999-EX-10.22-SPONSORSHIP AGREEMENT.txt,9,high,,,,3,incomplete
TodosMedicalLtd_20190328_20-F_EX-4.10_11587157_EX-4.10_Marketing Agreement_ Reseller Agreement.txt,9,high,,,,3,incomplete
TomOnlineInc_20060501_20-F_EX-4.46_749700_EX-4.46_Co-Branding Agreement.txt,9,high,,,,3,incomplete
TRANSMONTAIGNEPARTNERSLLC_03_13_2020-EX-10.9-SERVICES AGREEMENT.txt,7,medium,the State of Colorado,,,3,law:the State of Colorado;incomplete
"TRANSPHORM,INC_02_14_2020-EX-10.12(1)-JOINT VENTURE AGREEMENT.txt",9,high,,,,3,incomplete
TRICITYBANKSHARESCORP_05_15_1998-EX-10-OUTSOURCING AGREEMENT.txt,9,high,,,,3,incomplete
TRIZETTOGROUPINC_08_18_1999-EX-10.17-TECHNICAL INFRASTRUCTURE MAINTENANCE AGREEMENT.txt,12,high,,,,4,incomplete
TRUENORTHENERGYCORP_02_08_2007-EX-10.1-DEVELOPMENT AGREEMENT.txt,9,high,,,,3,incomplete
TubeMediaCorp_20060310_8-K_EX-10.1_513921_EX-10.1_Affiliate Agreement.txt,7,medium,the State of New York applicable to contracts to be entirely performed therein,,,3,law:the State of New York applicable to contracts to be entirely performed therein;incomplete
TUNIUCORP_03_06_2014-EX-10-COOPERATION AGREEMENT.txt,9,high,,,,3,incomplete
"TURNKEYCAPITAL,INC_07_20_2017-EX-1.1-Strategic Alliance Agreement.txt",7,medium,the State of Florida,,,3,law:the State of Florida;incomplete
UAGHINC_04_14_2004-EX-10.18-MAINTENANCE AGREEMENT.txt,9,high,,,,3,incomplete
ULTRAGENYXPHARMACEUTICALINC_12_23_2013-EX-10.9-SUPPLY AGREEMENT.txt,10,high,,,,4,incomplete
UnionDentalHoldingsInc_20050204_8-KA_EX-10_3345577_EX-10_Affiliate Agreement.txt,9,high,,,,3,incomplete
"UNITEDNATIONALBANCORP_03_03_1999-EX-99-Outsourcing Agreement with the BISYS Group, Inc..txt",15,high,,,,5,incomplete
UpjohnInc_20200121_10-12G_EX-2.6_11948692_EX-2.6_Manufacturing Agreement_ Supply Agreement.txt,8,high,,,,4,incomplete
URSCORPNEW_03_17_2014-EX-99-COOPERATION AGREEMENT.txt,9,high,,,,3,incomplete
USASYNTHETICFUELCORP_10_21_2010-EX-10.10-STRATEGIC ALLIANCE AGREEMENT.txt,9,high,,,,3,incomplete
UsioInc_20040428_SB-2_EX-10.11_1723988_EX-10.11_Affiliate Agreement 2.txt,9,high,,,,3,incomplete
VALENCETECHNOLOGYINC_02_14_2003-EX-10-JOINT VENTURE CONTRACT.txt,9,high,,,,3,incomplete
"VAPOTHERM, INC. - Manufacturing and Supply Agreement.txt",5,medium,the State of New York without giving effect to principles of conflict of laws,,,3,law:the State of New York without giving effect to principles of conflict of laws;incomplete
VARIABLESEPARATEACCOUNT_04_30_2014-EX-13.C-UNCONDITIONAL CAPITAL MAINTENANCE AGREEMENT.txt,9,high,,,,3,incomplete
"VAXCYTE,INC_05_22_2020-EX-10.19-SUPPLY AGREEMENT.txt",9,high,,,,3,incomplete
"VEONEER,INC_02_21_2020-EX-10.11-JOINT VENTURE AGREEMENT.txt",9,high,,,,3,incomplete
VERICELCORP_08_06_2019-EX-10.10-SUPPLY AGREEMENT.txt,6,medium,,,,2,incomplete
VerizonAbsLlc_20200123_8-K_EX-10.4_11952335_EX-10.4_Service Agreement.txt,9,high,,,,3,incomplete
VERSOTECHNOLOGIESINC_12_28_2007-EX-99.3-INTELLECTUAL PROPERTY AGREEMENT.txt,12,high,,,,4,incomplete
VERTEXENERGYINC_08_14_2014-EX-10.24-OPERATION AND MAINTENANCE AGREEMENT.txt,9,high,,,,3,incomplete
VertexEnergyInc_20200113_8-K_EX-10.1_11943624_EX-10.1_Marketing Agreement.txt,6,medium,,,,2,incomplete
VERTICALNETINC_04_01_2002-EX-10.19-MAINTENANCE AND SUPPORT AGREEMENT.txt,7,medium,the United States of America and of the Commonwealth of Pennsylvania as applied to agreements entered into and to be performed entirely within Pennsylvania between Pennsylvania residents,,,3,law:the United States of America and of the Commonwealth of Pennsylvania as applied to agreements entered into and to be performed entirely within Pennsylvania between Pennsylvania residents;incomplete
VgrabCommunicationsInc_20200129_10-K_EX-10.33_11958828_EX-10.33_Development Agreement.txt,6,medium,,,,2,incomplete
VIOLINMEMORYINC_12_12_2012-EX-10.14-SPONSORSHIP AGREEMENT.txt,9,high,,,,3,incomplete
"VIRGINGALACTICHOLDINGS,INC_04_08_2020-EX-99.1-JOINT FILING STATEMENT.txt",15,high,,,,5,incomplete
"VIRTUALSCOPICS,INC_11_12_2010-EX-10.1-STRATEGIC ALLIANCE AGREEMENT.txt",10,high,,,,4,incomplete
VirtuosoSurgicalInc_20191227_1-A_EX1A-6 MAT CTRCT_11933379_EX1A-6 MAT CTRCT_License Agreement.txt,9,high,,,,3,incomplete
"VISIUMTECHNOLOGIES,INC_10_20_2004-EX-10.20-DISTRIBUTOR AGREEMENT.txt",9,high,,,,3,incomplete
VitalibisInc_20180316_8-K_EX-10.2_11100168_EX-10.2_Hosting Agreement.txt,4,medium,the State of California without giving effect to conflict or choice of law principles,,,2,law:the State of California without giving effect to conflict or choice of law principles;incomplete
VITAMINSHOPPECOMINC_09_13_1999-EX-10.26-SPONSORSHIP AGREEMENT.txt,9,high,,,,3,incomplete
"VIVINT SOLAR, INC. - NON-COMPETITION AGREEMENT.txt",12,high,,,,4,incomplete
"VNUE,INC_07_10_2015-EX-10.1-SPONSORSHIP AGREEMENT.txt",10,high,,,,4,incomplete
VnueInc_20150914_8-K_EX-10.1_9259571_EX-10.1_Promotion Agreement.txt,12,high,,,,4,incomplete
WARNERCHILCOTTPLC_12_31_2003-EX-4.36-DEVELOPMENT AGREEMENT.txt,10,high,,,,4,incomplete
WARNINGMANAGEMENTSERVICESINC_12_10_1999-EX-10-ENDORSEMENT AGREEMENT.txt,9,high,,,,3,incomplete
"WASTE2ENERGYHOLDINGS,INC_06_03_2010-EX-10.2-STRATEGIC ALLIANCE AGREEMENT.txt",10,high,,,,4,incomplete
WatchitMediaInc_20061201_8-K_EX-10.1_4148672_EX-10.1_Content License Agreement.txt,15,high,,,,5,incomplete
WaterNowInc_20191120_10-Q_EX-10.12_11900227_EX-10.12_Distributor Agreement.txt,9,high,,,,3,incomplete
WEBHELPCOMINC_03_22_2000-EX-10.8-HOSTING AGREEMENT.txt,9,high,,,,3,incomplete
WebmdHealthCorp_20050908_S-1A_EX-10.7_1027007_EX-10.7_Content License Agreement.txt,10,high,,,,4,incomplete
WELLSFARGOMORTGAGEBACKEDSECURITIES2006-6TRUST_05_11_2006-EX-10.3-Yield Maintenance Agreement.txt,9,high,,,,3,incomplete
WESTERN COPPER - NON-COMPETITION AGREEMENT.txt,9,high,,,,3,incomplete
WestPharmaceuticalServicesInc_20200116_8-K_EX-10.1_11947529_EX-10.1_Supply Agreement.txt,3,low,,,2019-01-01,1,incomplete
"WHITESMOKE,INC_11_08_2011-EX-10.26-PROMOTION AND DISTRIBUTION AGREEMENT.txt",6,medium,,,,2,incomplete
WOMENSGOLFUNLIMITEDINC_03_29_2000-EX-10.13-ENDORSEMENT AGREEMENT - Intellectual Property Rights                 Confidentiality and Non-Use Obligations Agreement.txt,9,high,,,,3,incomplete
WOMENSGOLFUNLIMITEDINC_03_29_2000-EX-10.13-ENDORSEMENT AGREEMENT.txt,9,high,,,,3,incomplete
WORLDWIDESTRATEGIESINC_11_02_2005-EX-10-RESELLER AGREEMENT.txt,9,high,,,,3,incomplete
WPPPLC_04_30_2020-EX-4.28-SERVICE AGREEMENT.txt,9,high,,,,3,incomplete
"XACCT Technologies, Inc.SUPPORT AND MAINTENANCE AGREEMENT.txt",9,high,,,,3,incomplete
XENCORINC_10_25_2013-EX-10.24-COLLABORATION AGREEMENT (3).txt,3,low,,,2012-02-10,1,incomplete
XinhuaSportsEntertainmentLtd_20070221_F-1_EX-99.4_645553_EX-99.4_Content License Agreement.txt,9,high,,,,3,incomplete
"XLITECHNOLOGIES,INC_12_02_2015-EX-10.02-STRATEGIC ALLIANCE AGREEMENT.txt",12,high,,,,4,incomplete
"XLITECHNOLOGIES,INC_12_11_2015-EX-10.1-Sponsorship Agreement.txt",9,high,,,,3,incomplete
XpresspaGroupInc_20190401_10-K_EX-10.28_11599457_EX-10.28_Marketing Agreement.txt,9,high,,,,3,incomplete
XYBERNAUTCORP_07_12_2002-EX-4-SPONSORSHIP AGREEMENT.txt,10,high,,,,4,incomplete
ZEBRATECHNOLOGIESCORP_04_16_2014-EX-10.1-INTELLECTUAL PROPERTY AGREEMENT.txt,9,high,,,,3,incomplete
ZogenixInc_20190509_10-Q_EX-10.2_11663313_EX-10.2_Distributor Agreement.txt,9,high,,,,3,incomplete
ZONDWINDSYSTEMPARTNERSLTDSERIES85-B_04_03_2006-EX-10-MANAGEMENT AND MAINTENANCE AGREEMENT.txt,15,high,,,,5,incomplete
"Zounds Hearing, Inc. - MANUFACTURING DESIGN MARKETING AGREEMENT.txt",7,medium,,,,3,incomplete
ZtoExpressCaymanInc_20160930_F-1_EX-10.10_9752871_EX-10.10_Transportation Agreement.txt,12,high,,,,4,incomplete
